,name,dest
0,s3,s3/3.pgm
1,s3,s3/6.pgm
2,s3,s3/7.pgm
3,s3,s3/9.pgm
4,s3,s3/8.pgm
5,s3,s3/10.pgm
6,s3,s3/4.pgm
7,s3,s3/1.pgm
8,s3,s3/2.pgm
9,s3,s3/5.pgm
10,s31,s31/3.pgm
11,s31,s31/6.pgm
12,s31,s31/7.pgm
13,s31,s31/9.pgm
14,s31,s31/8.pgm
15,s31,s31/10.pgm
16,s31,s31/4.pgm
17,s31,s31/1.pgm
18,s31,s31/2.pgm
19,s31,s31/5.pgm
20,s33,s33/3.pgm
21,s33,s33/6.pgm
22,s33,s33/7.pgm
23,s33,s33/9.pgm
24,s33,s33/8.pgm
25,s33,s33/10.pgm
26,s33,s33/4.pgm
27,s33,s33/1.pgm
28,s33,s33/2.pgm
29,s33,s33/5.pgm
30,s16,s16/3.pgm
31,s16,s16/6.pgm
32,s16,s16/7.pgm
33,s16,s16/9.pgm
34,s16,s16/8.pgm
35,s16,s16/10.pgm
36,s16,s16/4.pgm
37,s16,s16/1.pgm
38,s16,s16/2.pgm
39,s16,s16/5.pgm
40,s17,s17/3.pgm
41,s17,s17/6.pgm
42,s17,s17/7.pgm
43,s17,s17/9.pgm
44,s17,s17/8.pgm
45,s17,s17/10.pgm
46,s17,s17/4.pgm
47,s17,s17/1.pgm
48,s17,s17/2.pgm
49,s17,s17/5.pgm
50,s26,s26/3.pgm
51,s26,s26/6.pgm
52,s26,s26/7.pgm
53,s26,s26/9.pgm
54,s26,s26/8.pgm
55,s26,s26/10.pgm
56,s26,s26/4.pgm
57,s26,s26/1.pgm
58,s26,s26/2.pgm
59,s26,s26/5.pgm
60,s5,s5/3.pgm
61,s5,s5/6.pgm
62,s5,s5/7.pgm
63,s5,s5/9.pgm
64,s5,s5/8.pgm
65,s5,s5/10.pgm
66,s5,s5/4.pgm
67,s5,s5/1.pgm
68,s5,s5/2.pgm
69,s5,s5/5.pgm
70,s36,s36/3.pgm
71,s36,s36/6.pgm
72,s36,s36/7.pgm
73,s36,s36/9.pgm
74,s36,s36/8.pgm
75,s36,s36/10.pgm
76,s36,s36/4.pgm
77,s36,s36/1.pgm
78,s36,s36/2.pgm
79,s36,s36/5.pgm
80,s25,s25/3.pgm
81,s25,s25/6.pgm
82,s25,s25/7.pgm
83,s25,s25/9.pgm
84,s25,s25/8.pgm
85,s25,s25/10.pgm
86,s25,s25/4.pgm
87,s25,s25/1.pgm
88,s25,s25/2.pgm
89,s25,s25/5.pgm
90,s35,s35/3.pgm
91,s35,s35/6.pgm
92,s35,s35/7.pgm
93,s35,s35/9.pgm
94,s35,s35/8.pgm
95,s35,s35/10.pgm
96,s35,s35/4.pgm
97,s35,s35/1.pgm
98,s35,s35/2.pgm
99,s35,s35/5.pgm
100,s21,s21/3.pgm
101,s21,s21/6.pgm
102,s21,s21/7.pgm
103,s21,s21/9.pgm
104,s21,s21/8.pgm
105,s21,s21/10.pgm
106,s21,s21/4.pgm
107,s21,s21/1.pgm
108,s21,s21/2.pgm
109,s21,s21/5.pgm
110,s10,s10/3.pgm
111,s10,s10/6.pgm
112,s10,s10/7.pgm
113,s10,s10/9.pgm
114,s10,s10/8.pgm
115,s10,s10/10.pgm
116,s10,s10/4.pgm
117,s10,s10/1.pgm
118,s10,s10/2.pgm
119,s10,s10/5.pgm
120,s9,s9/3.pgm
121,s9,s9/6.pgm
122,s9,s9/7.pgm
123,s9,s9/9.pgm
124,s9,s9/8.pgm
125,s9,s9/10.pgm
126,s9,s9/4.pgm
127,s9,s9/1.pgm
128,s9,s9/2.pgm
129,s9,s9/5.pgm
130,s23,s23/3.pgm
131,s23,s23/6.pgm
132,s23,s23/7.pgm
133,s23,s23/9.pgm
134,s23,s23/8.pgm
135,s23,s23/10.pgm
136,s23,s23/4.pgm
137,s23,s23/1.pgm
138,s23,s23/2.pgm
139,s23,s23/5.pgm
140,s24,s24/3.pgm
141,s24,s24/6.pgm
142,s24,s24/7.pgm
143,s24,s24/9.pgm
144,s24,s24/8.pgm
145,s24,s24/10.pgm
146,s24,s24/4.pgm
147,s24,s24/1.pgm
148,s24,s24/2.pgm
149,s24,s24/5.pgm
150,s32,s32/3.pgm
151,s32,s32/6.pgm
152,s32,s32/7.pgm
153,s32,s32/9.pgm
154,s32,s32/8.pgm
155,s32,s32/10.pgm
156,s32,s32/4.pgm
157,s32,s32/1.pgm
158,s32,s32/2.pgm
159,s32,s32/5.pgm
160,s11,s11/3.pgm
161,s11,s11/6.pgm
162,s11,s11/7.pgm
163,s11,s11/9.pgm
164,s11,s11/8.pgm
165,s11,s11/10.pgm
166,s11,s11/4.pgm
167,s11,s11/1.pgm
168,s11,s11/2.pgm
169,s11,s11/5.pgm
170,s22,s22/3.pgm
171,s22,s22/6.pgm
172,s22,s22/7.pgm
173,s22,s22/9.pgm
174,s22,s22/8.pgm
175,s22,s22/10.pgm
176,s22,s22/4.pgm
177,s22,s22/1.pgm
178,s22,s22/2.pgm
179,s22,s22/5.pgm
180,s19,s19/3.pgm
181,s19,s19/6.pgm
182,s19,s19/7.pgm
183,s19,s19/9.pgm
184,s19,s19/8.pgm
185,s19,s19/10.pgm
186,s19,s19/4.pgm
187,s19,s19/1.pgm
188,s19,s19/2.pgm
189,s19,s19/5.pgm
190,s1,s1/3.pgm
191,s1,s1/6.pgm
192,s1,s1/7.pgm
193,s1,s1/9.pgm
194,s1,s1/8.pgm
195,s1,s1/10.pgm
196,s1,s1/4.pgm
197,s1,s1/1.pgm
198,s1,s1/2.pgm
199,s1,s1/5.pgm
200,s37,s37/3.pgm
201,s37,s37/6.pgm
202,s37,s37/7.pgm
203,s37,s37/9.pgm
204,s37,s37/8.pgm
205,s37,s37/10.pgm
206,s37,s37/4.pgm
207,s37,s37/1.pgm
208,s37,s37/2.pgm
209,s37,s37/5.pgm
210,s7,s7/3.pgm
211,s7,s7/6.pgm
212,s7,s7/7.pgm
213,s7,s7/9.pgm
214,s7,s7/8.pgm
215,s7,s7/10.pgm
216,s7,s7/4.pgm
217,s7,s7/1.pgm
218,s7,s7/2.pgm
219,s7,s7/5.pgm
220,s20,s20/3.pgm
221,s20,s20/6.pgm
222,s20,s20/7.pgm
223,s20,s20/9.pgm
224,s20,s20/8.pgm
225,s20,s20/10.pgm
226,s20,s20/4.pgm
227,s20,s20/1.pgm
228,s20,s20/2.pgm
229,s20,s20/5.pgm
230,s15,s15/3.pgm
231,s15,s15/6.pgm
232,s15,s15/7.pgm
233,s15,s15/9.pgm
234,s15,s15/8.pgm
235,s15,s15/10.pgm
236,s15,s15/4.pgm
237,s15,s15/1.pgm
238,s15,s15/2.pgm
239,s15,s15/5.pgm
240,s12,s12/3.pgm
241,s12,s12/6.pgm
242,s12,s12/7.pgm
243,s12,s12/9.pgm
244,s12,s12/8.pgm
245,s12,s12/10.pgm
246,s12,s12/4.pgm
247,s12,s12/1.pgm
248,s12,s12/2.pgm
249,s12,s12/5.pgm
250,s8,s8/3.pgm
251,s8,s8/6.pgm
252,s8,s8/7.pgm
253,s8,s8/9.pgm
254,s8,s8/8.pgm
255,s8,s8/10.pgm
256,s8,s8/4.pgm
257,s8,s8/1.pgm
258,s8,s8/2.pgm
259,s8,s8/5.pgm
260,s38,s38/3.pgm
261,s38,s38/6.pgm
262,s38,s38/7.pgm
263,s38,s38/9.pgm
264,s38,s38/8.pgm
265,s38,s38/10.pgm
266,s38,s38/4.pgm
267,s38,s38/1.pgm
268,s38,s38/2.pgm
269,s38,s38/5.pgm
270,s4,s4/3.pgm
271,s4,s4/6.pgm
272,s4,s4/7.pgm
273,s4,s4/9.pgm
274,s4,s4/8.pgm
275,s4,s4/10.pgm
276,s4,s4/4.pgm
277,s4,s4/1.pgm
278,s4,s4/2.pgm
279,s4,s4/5.pgm
280,s40,s40/3.pgm
281,s40,s40/6.pgm
282,s40,s40/7.pgm
283,s40,s40/9.pgm
284,s40,s40/8.pgm
285,s40,s40/10.pgm
286,s40,s40/4.pgm
287,s40,s40/1.pgm
288,s40,s40/2.pgm
289,s40,s40/5.pgm
290,s39,s39/3.pgm
291,s39,s39/6.pgm
292,s39,s39/7.pgm
293,s39,s39/9.pgm
294,s39,s39/8.pgm
295,s39,s39/10.pgm
296,s39,s39/4.pgm
297,s39,s39/1.pgm
298,s39,s39/2.pgm
299,s39,s39/5.pgm
300,s6,s6/3.pgm
301,s6,s6/6.pgm
302,s6,s6/7.pgm
303,s6,s6/9.pgm
304,s6,s6/8.pgm
305,s6,s6/10.pgm
306,s6,s6/4.pgm
307,s6,s6/1.pgm
308,s6,s6/2.pgm
309,s6,s6/5.pgm
310,s2,s2/3.pgm
311,s2,s2/6.pgm
312,s2,s2/7.pgm
313,s2,s2/9.pgm
314,s2,s2/8.pgm
315,s2,s2/10.pgm
316,s2,s2/4.pgm
317,s2,s2/1.pgm
318,s2,s2/2.pgm
319,s2,s2/5.pgm
320,s27,s27/3.pgm
321,s27,s27/6.pgm
322,s27,s27/7.pgm
323,s27,s27/9.pgm
324,s27,s27/8.pgm
325,s27,s27/10.pgm
326,s27,s27/4.pgm
327,s27,s27/1.pgm
328,s27,s27/2.pgm
329,s27,s27/5.pgm
330,s34,s34/3.pgm
331,s34,s34/6.pgm
332,s34,s34/7.pgm
333,s34,s34/9.pgm
334,s34,s34/8.pgm
335,s34,s34/10.pgm
336,s34,s34/4.pgm
337,s34,s34/1.pgm
338,s34,s34/2.pgm
339,s34,s34/5.pgm
340,s14,s14/3.pgm
341,s14,s14/6.pgm
342,s14,s14/7.pgm
343,s14,s14/9.pgm
344,s14,s14/8.pgm
345,s14,s14/10.pgm
346,s14,s14/4.pgm
347,s14,s14/1.pgm
348,s14,s14/2.pgm
349,s14,s14/5.pgm
350,s13,s13/3.pgm
351,s13,s13/6.pgm
352,s13,s13/7.pgm
353,s13,s13/9.pgm
354,s13,s13/8.pgm
355,s13,s13/10.pgm
356,s13,s13/4.pgm
357,s13,s13/1.pgm
358,s13,s13/2.pgm
359,s13,s13/5.pgm
360,s28,s28/3.pgm
361,s28,s28/6.pgm
362,s28,s28/7.pgm
363,s28,s28/9.pgm
364,s28,s28/8.pgm
365,s28,s28/10.pgm
366,s28,s28/4.pgm
367,s28,s28/1.pgm
368,s28,s28/2.pgm
369,s28,s28/5.pgm
370,s29,s29/3.pgm
371,s29,s29/6.pgm
372,s29,s29/7.pgm
373,s29,s29/9.pgm
374,s29,s29/8.pgm
375,s29,s29/10.pgm
376,s29,s29/4.pgm
377,s29,s29/1.pgm
378,s29,s29/2.pgm
379,s29,s29/5.pgm
380,s30,s30/3.pgm
381,s30,s30/6.pgm
382,s30,s30/7.pgm
383,s30,s30/9.pgm
384,s30,s30/8.pgm
385,s30,s30/10.pgm
386,s30,s30/4.pgm
387,s30,s30/1.pgm
388,s30,s30/2.pgm
389,s30,s30/5.pgm
390,s18,s18/3.pgm
391,s18,s18/6.pgm
392,s18,s18/7.pgm
393,s18,s18/9.pgm
394,s18,s18/8.pgm
395,s18,s18/10.pgm
396,s18,s18/4.pgm
397,s18,s18/1.pgm
398,s18,s18/2.pgm
399,s18,s18/5.pgm
